{"min_fitness": [23.0, 23, 22.0, 22, 21.0, 21, 22.0, 22, 22.0, 22, 27.0, 27, 22.0, 22, 22.0, 22, 23.0, 23, 21.0, 21, 27.0, 27, 22.0, 22, 22.0, 22, 22.0, 22, 21.0, 21], "max_fitness": [48.0, 48, 67.0, 67, 66.0, 66, 65.0, 65, 66.0, 66, 66.0, 66, 161.0, 161, 256.0, 256, 161.0, 161, 256.0, 256, 161.0, 161, 494.0, 494, 494.0, 494, 494.0, 494, 494.0, 494], "mean_fitness": [35.5, 40, 22.98, 23, 22.203333333333333, 23, 24.55666666666667, 27, 26.14666666666667, 29, 33.53333333333333, 37, 32.016666666666666, 41, 36.28666666666667, 57, 40.18333333333333, 56, 49.43, 98, 53.97666666666667, 82, 64.45333333333333, 114, 96.71333333333334, 168, 125.43, 239, 165.45, 328]}